{
    "gps_lat": 39.97560282792848,
    "gps_lon": -86.12711046092102,
    "focallength_x_px": 1761.7688582031021,
    "focallength_y_px": 1761.7688582031021,
    "center_x_px": 1280.0,
    "center_y_px": 720.0,
    "image_height_px": 1440,
    "image_width_px": 2560,
    "sensor_height_mm": 13.0,
    "sensor_width_mm": 17.3,
    "elevation_m": 3.94760306830518,
    "tilt_deg": 73.55947575216031,
    "roll_deg": 2.799066436250422,
    "heading_deg": 0.45292547292909874,
    "pos_x_m": 0.0,
    "pos_y_m": 0.0,
    "k1": -0.5224521090085825,
    "k2": 0.12039529611049303,
    "k3": 0.0,
    "projection": 0,
    "lens": 2
}