{
    "gps_lat": 39.9756105832402,
    "gps_lon": -86.12709812832199,
    "focallength_x_px": 1280.0000000000002,
    "focallength_y_px": 1280.0000000000002,
    "center_x_px": 1280.0,
    "center_y_px": 720.0,
    "image_height_px": 1440,
    "image_width_px": 2560,
    "sensor_height_mm": 13.0,
    "sensor_width_mm": 17.3,
    "elevation_m": 8.32653020572622,
    "tilt_deg": 63.540194428049126,
    "roll_deg": -0.7644382155616589,
    "heading_deg": 193.58953989562983,
    "pos_x_m": 0,
    "pos_y_m": 0,
    "k1": 0.30673625229714674,
    "k2": -0.10529912608757096,
    "k3": 0,
    "projection": 0,
    "lens": 2
}